{"_step":19,"train_loss":0.11253306586605102,"_wandb":{"runtime":47},"val_f1":0.8037012557832122,"_timestamp":1.77283521080357e+09,"val_recall":0.8914956011730205,"_runtime":47,"epoch":20,"val_precision":0.7316486161251504,"val_auc_roc":0.9836069311127272}