{"val_auc_roc":0.9147515822229502,"_step":38,"_timestamp":1.772885370400602e+09,"_wandb":{"runtime":3627},"val_f1":0.3810689514483884,"train_loss":0.32997252777805597,"val_precision":0.2550518842162753,"epoch":39,"val_recall":0.7532258064516129,"_runtime":3627}