{
  "full_features": {
    "Logistic Regression": {
      "f1": 0.7641921397379913,
      "precision": 0.7586705202312138,
      "recall": 0.7697947214076246,
      "auc_roc": 0.9634687294557402,
      "auc_pr": 0.7562663663177494,
      "threshold": 0.83
    },
    "Random Forest": {
      "f1": 0.9437689969604863,
      "precision": 0.9794952681388013,
      "recall": 0.9105571847507331,
      "auc_roc": 0.9957868128708436,
      "auc_pr": 0.9788077964234689,
      "threshold": 0.42000000000000004
    },
    "XGBoost": {
      "f1": 0.967016491754123,
      "precision": 0.9892638036809815,
      "recall": 0.9457478005865103,
      "auc_roc": 0.9971837643760384,
      "auc_pr": 0.9868652914293619,
      "threshold": 0.49
    },
    "GraphSAGE (GNN)": {
      "f1": 0.8678117998506348,
      "precision": 0.8843226788432268,
      "recall": 0.8519061583577713,
      "auc_roc": 0.9838816687859385,
      "auc_pr": 0.9254031718940253,
      "threshold": 0.73,
      "in_channels": 94
    }
  },
  "local_features": {
    "Logistic Regression": {
      "f1": 0.7855563743551953,
      "precision": 0.7896296296296297,
      "recall": 0.781524926686217,
      "auc_roc": 0.9558940187212439,
      "auc_pr": 0.7146524227793031,
      "threshold": 0.8
    },
    "Random Forest": {
      "f1": 0.9223813112283346,
      "precision": 0.9488372093023256,
      "recall": 0.8973607038123167,
      "auc_roc": 0.9941234984225266,
      "auc_pr": 0.969944839818663,
      "threshold": 0.45000000000000007
    },
    "XGBoost": {
      "f1": 0.9455882352941176,
      "precision": 0.948377581120944,
      "recall": 0.9428152492668622,
      "auc_roc": 0.995787743396409,
      "auc_pr": 0.9816499040239144,
      "threshold": 0.35
    },
    "GraphSAGE (GNN)": {
      "f1": 0.8671641791044776,
      "precision": 0.8829787234042553,
      "recall": 0.8519061583577713,
      "auc_roc": 0.9838798077348077,
      "auc_pr": 0.9253777685876634,
      "threshold": 0.73,
      "in_channels": 94
    }
  }
}