{
  "Logistic Regression": {
    "f1": 0.7795889440113395,
    "precision": 0.7544581618655692,
    "recall": 0.8064516129032258,
    "auc_roc": 0.966493402806372,
    "auc_pr": 0.7784905312140638,
    "threshold": 0.8099999999999999
  },
  "Random Forest": {
    "f1": 0.9097978227060654,
    "precision": 0.9685430463576159,
    "recall": 0.8577712609970675,
    "auc_roc": 0.9919318780844015,
    "auc_pr": 0.9628625570029418,
    "threshold": 0.87
  },
  "XGBoost": {
    "f1": 0.9638009049773756,
    "precision": 0.9922360248447205,
    "recall": 0.9369501466275659,
    "auc_roc": 0.997139797043069,
    "auc_pr": 0.9867539274760053,
    "threshold": 0.52
  },
  "XGBoost + Graph Stats": {
    "f1": 0.9645283018867925,
    "precision": 0.9937791601866252,
    "recall": 0.9369501466275659,
    "auc_roc": 0.997127932842109,
    "auc_pr": 0.9871220468256351,
    "threshold": 0.56
  },
  "GraphSAGE (GNN)": {
    "f1": 0.9180576631259484,
    "precision": 0.9512578616352201,
    "recall": 0.8870967741935484,
    "auc_roc": 0.9869790394463747,
    "auc_pr": 0.9532894204635488,
    "threshold": 0.77
  }
}