{
  "threshold_0.5": {
    "precision": 0.7136258660508084,
    "recall": 0.906158357771261,
    "f1": 0.7984496124031008,
    "auc_roc": 0.9838870193079401,
    "auc_pr": 0.9253625456648455
  },
  "threshold_0.79": {
    "precision": 0.9012738853503185,
    "recall": 0.8299120234604106,
    "f1": 0.8641221374045801,
    "auc_roc": 0.9838870193079401,
    "auc_pr": 0.9253625456648455
  },
  "optimal_threshold": 0.79
}